Date,Cases,Distinct activities,Number of distinct activities,Number of simple cycles in period,Average number of simple cycles per trace,Median number of simple cycles per trace,Number of activity repetitions in period,Average number of activity repetitions per trace,Median number of activity repetitions per trace,Number of participants in period,Average number of participants per trace,Median number of participants per trace,Handover of work in period,Average handover of work per trace,Median handover of work per trace,Average handover of work from participant,Median handover of work from participant,Simple Variant Entropy,Simple Normalized Variant Entropy,Simple Sequence Entropy,Simple Normalized Sequence Entropy,Simple Sequence Entropy (linear forgetting),Simple Normalized Sequence Entropy (linear forgetting),"Simple Sequence Entropy (exponential forgetting, k1)","Simple Normalized Sequence Entropy (exponential forgetting, k1)",Enriched Variant Entropy,Enriched Normalized Variant Entropy,Enriched Sequence Entropy,Enriched Normalized Sequence Entropy,Enriched Sequence Entropy (linear forgetting),Enriched Normalized Sequence Entropy (linear forgetting),"Enriched Sequence Entropy (exponential forgetting, k1)","Enriched Normalized Sequence Entropy (exponential forgetting, k1)",Median throughput time,Average throughput time,PM4Py median throughput time,Median cycle time,Average cycle time,Ratio to shortest,Ratio to median,Magnitude,Support,Variety,Level of detail,Time granularity,Structure,Affinity,Minimum trace length,Average trace length,Maximum trace length,Distinct traces,Deviation from random,Lempel-Ziv,Pentland task complexity
2017-01-01,28,"['Payment Handled', 'Permit APPROVED by PRE_APPROVER', 'Permit APPROVED by SUPERVISOR', 'Permit FINAL_APPROVED by DIRECTOR', 'Permit FINAL_APPROVED by SUPERVISOR', 'Permit REJECTED by MISSING', 'Permit SUBMITTED by EMPLOYEE', 'Request For Payment APPROVED by PRE_APPROVER', 'Request For Payment FINAL_APPROVED by SUPERVISOR', 'Request For Payment REJECTED by EMPLOYEE', 'Request For Payment REJECTED by MISSING', 'Request For Payment REJECTED by PRE_APPROVER', 'Request For Payment SUBMITTED by EMPLOYEE', 'Request Payment']",14,0,0,0.0,4,0.14285714285714285,0.0,2,1.9285714285714286,2.0,28,1.0,1.0,14.0,14.0,75.54975621091718,0.5287677466063337,339.6085218077983,0.3406527677576762,64.91510678067607,0.06511471112800155,157.17006930876684,0.15765334401413655,623.7960823590674,0.6257141630040574,623.7960823590674,0.6257141630040574,108.54614331118864,0.1088799066394002,282.2905614469825,0.2831585631505634,3552730.0,4957929.571428572,3552730.0,0.0,0.0,,1.7101414812789537,190,28,14,6.642857142857143,698.7857142857143,0.9081632653061225,0.4422097449875227,3,6.785714285714286,11,0.35714285714285715,0.6959538440298381,80,54
2017-02-01,51,"['Payment Handled', 'Permit APPROVED by PRE_APPROVER', 'Permit APPROVED by SUPERVISOR', 'Permit FINAL_APPROVED by DIRECTOR', 'Permit FINAL_APPROVED by SUPERVISOR', 'Permit REJECTED by EMPLOYEE', 'Permit REJECTED by MISSING', 'Permit REJECTED by PRE_APPROVER', 'Permit SUBMITTED by EMPLOYEE', 'Request For Payment APPROVED by PRE_APPROVER', 'Request For Payment APPROVED by SUPERVISOR', 'Request For Payment FINAL_APPROVED by DIRECTOR', 'Request For Payment FINAL_APPROVED by SUPERVISOR', 'Request For Payment REJECTED by EMPLOYEE', 'Request For Payment REJECTED by MISSING', 'Request For Payment REJECTED by PRE_APPROVER', 'Request For Payment SUBMITTED by EMPLOYEE', 'Request Payment']",18,0,0,0.0,12,0.23529411764705882,0.0,2,1.9607843137254901,2.0,53,1.0392156862745099,1.0,26.5,26.5,164.43356810685583,0.5628330764393721,851.175736888181,0.3450771526650396,243.65633059871044,0.0987812846959243,430.3501136957699,0.17446924935399247,1600.5638867492466,0.6488883608420771,1600.5638867492466,0.6488883608420771,426.7419312650878,0.17300644764863868,791.4300046716276,0.3208554951815338,3570553.0,5001344.862745098,3570553.0,0.0,0.0,,1.7187207573907988,410,51,18,7.803921568627451,387.5686274509804,0.9166666666666666,0.45165743074047576,6,8.03921568627451,14,0.29411764705882354,0.7159427250744368,153,108
2017-03-01,73,"['Payment Handled', 'Permit APPROVED by PRE_APPROVER', 'Permit APPROVED by SUPERVISOR', 'Permit FINAL_APPROVED by DIRECTOR', 'Permit FINAL_APPROVED by SUPERVISOR', 'Permit REJECTED by EMPLOYEE', 'Permit REJECTED by MISSING', 'Permit REJECTED by PRE_APPROVER', 'Permit REJECTED by SUPERVISOR', 'Permit SUBMITTED by EMPLOYEE', 'Request For Payment APPROVED by PRE_APPROVER', 'Request For Payment APPROVED by SUPERVISOR', 'Request For Payment FINAL_APPROVED by DIRECTOR', 'Request For Payment FINAL_APPROVED by SUPERVISOR', 'Request For Payment REJECTED by EMPLOYEE', 'Request For Payment REJECTED by MISSING', 'Request For Payment REJECTED by PRE_APPROVER', 'Request For Payment REJECTED by SUPERVISOR', 'Request For Payment SAVED by EMPLOYEE', 'Request For Payment SUBMITTED by EMPLOYEE', 'Request Payment']",21,0,0,0.0,15,0.2054794520547945,0.0,2,1.9315068493150684,2.0,72,0.9863013698630136,1.0,36.0,36.0,270.3658217409828,0.5943191876254489,1337.5456278112615,0.35884213247809177,525.3841631813403,0.14095218104425894,750.7733073888282,0.20142048916259686,2489.618780810098,0.6679249618013522,2489.618780810098,0.6679249618013522,926.4715309174901,0.2485575167844568,1366.6023646032363,0.3666375909480574,4083040.0,5227512.575342466,4083040.0,0.0,0.0,,1.965411408612875,585,73,21,7.808219178082192,287.7083333333333,0.927437641723356,0.4287118697591643,1,8.013698630136986,14,0.3013698630136986,0.721328215613367,214,149
2017-04-01,67,"['Payment Handled', 'Permit APPROVED by PRE_APPROVER', 'Permit APPROVED by SUPERVISOR', 'Permit FINAL_APPROVED by DIRECTOR', 'Permit FINAL_APPROVED by SUPERVISOR', 'Permit REJECTED by EMPLOYEE', 'Permit REJECTED by MISSING', 'Permit REJECTED by PRE_APPROVER', 'Permit SUBMITTED by EMPLOYEE', 'Request For Payment APPROVED by PRE_APPROVER', 'Request For Payment FINAL_APPROVED by SUPERVISOR', 'Request For Payment REJECTED by EMPLOYEE', 'Request For Payment REJECTED by MISSING', 'Request For Payment REJECTED by PRE_APPROVER', 'Request For Payment REJECTED by SUPERVISOR', 'Request For Payment SUBMITTED by EMPLOYEE', 'Request Payment']",17,0,0,0.0,16,0.23880597014925373,0.0,2,1.955223880597015,2.0,70,1.044776119402985,1.0,35.0,35.0,245.745641850599,0.5907282561910461,1214.0890097820177,0.3651807581003507,516.4028529074441,0.15532665545154947,696.2859991853089,0.2094329550704062,2211.9784765293166,0.6653317594116639,2211.9784765293166,0.6653317594116639,895.9138250294287,0.2694781743190091,1244.8108025872286,0.37442143773455905,4760602.0,5807597.2835820895,4760602.0,0.0,0.0,,2.291562532491788,530,67,17,7.6716417910447765,197.50746268656715,0.903114186851211,0.45669622551456707,4,7.91044776119403,14,0.29850746268656714,0.7148763122272788,193,138
2017-05-01,101,"['Payment Handled', 'Permit APPROVED by PRE_APPROVER', 'Permit APPROVED by SUPERVISOR', 'Permit FINAL_APPROVED by DIRECTOR', 'Permit FINAL_APPROVED by SUPERVISOR', 'Permit REJECTED by EMPLOYEE', 'Permit REJECTED by MISSING', 'Permit REJECTED by PRE_APPROVER', 'Permit REJECTED by SUPERVISOR', 'Permit SUBMITTED by EMPLOYEE', 'Request For Payment APPROVED by PRE_APPROVER', 'Request For Payment APPROVED by SUPERVISOR', 'Request For Payment FINAL_APPROVED by DIRECTOR', 'Request For Payment FINAL_APPROVED by SUPERVISOR', 'Request For Payment REJECTED by EMPLOYEE', 'Request For Payment REJECTED by MISSING', 'Request For Payment REJECTED by PRE_APPROVER', 'Request For Payment REJECTED by SUPERVISOR', 'Request For Payment SAVED by EMPLOYEE', 'Request For Payment SUBMITTED by EMPLOYEE', 'Request Payment']",21,0,0,0.0,42,0.4158415841584158,0.0,2,1.9405940594059405,2.0,103,1.0198019801980198,1.0,51.5,51.5,385.35127836349045,0.6033833334162402,1871.923048917618,0.3416848789114771,882.0750985052596,0.16100647053727415,1117.38299415456,0.20395756827515135,3738.786539200717,0.6824462291125295,3738.786539200717,0.6824462291125295,1724.6154679980598,0.31479660859590763,2210.5901136528796,0.40350227844202047,3440481.0,4797623.415841584,3440481.0,0.0,0.0,,1.6561093225919494,817,101,21,7.673267326732673,18.09,0.9138321995464853,0.4559925263534752,1,8.089108910891088,15,0.26732673267326734,0.7200861043188344,267,185
2017-06-01,87,"['Payment Handled', 'Permit APPROVED by PRE_APPROVER', 'Permit APPROVED by SUPERVISOR', 'Permit FINAL_APPROVED by DIRECTOR', 'Permit FINAL_APPROVED by SUPERVISOR', 'Permit REJECTED by EMPLOYEE', 'Permit REJECTED by MISSING', 'Permit REJECTED by PRE_APPROVER', 'Permit REJECTED by SUPERVISOR', 'Permit SUBMITTED by EMPLOYEE', 'Request For Payment APPROVED by PRE_APPROVER', 'Request For Payment APPROVED by SUPERVISOR', 'Request For Payment FINAL_APPROVED by DIRECTOR', 'Request For Payment FINAL_APPROVED by SUPERVISOR', 'Request For Payment REJECTED by EMPLOYEE', 'Request For Payment REJECTED by MISSING', 'Request For Payment REJECTED by PRE_APPROVER', 'Request For Payment REJECTED by SUPERVISOR', 'Request For Payment SAVED by EMPLOYEE', 'Request For Payment SUBMITTED by EMPLOYEE', 'Request Payment']",21,0,0,0.0,34,0.39080459770114945,0.0,2,1.9310344827586208,2.0,91,1.0459770114942528,1.0,45.5,45.5,321.60155433874985,0.5956393712948592,1558.6501024638687,0.3343782535016753,757.2110761027271,0.1624450008113501,943.7408056837495,0.20246134899934112,3149.285838668798,0.6756184064961062,3149.285838668798,0.6756184064961062,1473.784180448892,0.3161719102432883,1873.9845484347834,0.4020271640211016,5108896.0,5933569.528735632,5108896.0,0.0,0.0,,2.4592172704202464,710,87,21,7.7701149425287355,46.40229885057471,0.9160997732426304,0.4566958618808756,4,8.160919540229886,15,0.27586206896551724,0.7231761351631651,236,175
2017-07-01,76,"['Payment Handled', 'Permit APPROVED by PRE_APPROVER', 'Permit APPROVED by SUPERVISOR', 'Permit FINAL_APPROVED by DIRECTOR', 'Permit FINAL_APPROVED by SUPERVISOR', 'Permit REJECTED by EMPLOYEE', 'Permit REJECTED by MISSING', 'Permit REJECTED by PRE_APPROVER', 'Permit REJECTED by SUPERVISOR', 'Permit SUBMITTED by EMPLOYEE', 'Request For Payment APPROVED by PRE_APPROVER', 'Request For Payment APPROVED by SUPERVISOR', 'Request For Payment FINAL_APPROVED by DIRECTOR', 'Request For Payment FINAL_APPROVED by SUPERVISOR', 'Request For Payment REJECTED by EMPLOYEE', 'Request For Payment REJECTED by MISSING', 'Request For Payment REJECTED by PRE_APPROVER', 'Request For Payment REJECTED by SUPERVISOR', 'Request For Payment SAVED by EMPLOYEE', 'Request For Payment SUBMITTED by EMPLOYEE', 'Request Payment']",21,0,0,0.0,35,0.4605263157894737,0.0,2,1.9078947368421053,2.0,81,1.0657894736842106,1.0,40.5,40.5,346.01917528761504,0.6084220602945072,1365.5075974744686,0.3470637377766639,758.8736804357434,0.19287885070686112,886.5032102232736,0.22531776334320516,2632.242193039941,0.6690228717434623,2632.242193039941,0.6690228717434623,1411.961000691845,0.35887054997081613,1679.9938488411774,0.4269950205323002,4855348.0,6358364.078947368,4953201.0,0.0,0.0,,2.3371694502100655,613,76,21,7.605263157894737,58.38157894736842,0.9024943310657596,0.4217956563093033,3,8.06578947368421,15,0.32894736842105265,0.7284312009504326,217,182
2017-08-01,61,"['Payment Handled', 'Permit APPROVED by PRE_APPROVER', 'Permit APPROVED by SUPERVISOR', 'Permit FINAL_APPROVED by DIRECTOR', 'Permit FINAL_APPROVED by SUPERVISOR', 'Permit REJECTED by EMPLOYEE', 'Permit REJECTED by MISSING', 'Permit REJECTED by PRE_APPROVER', 'Permit REJECTED by SUPERVISOR', 'Permit SUBMITTED by EMPLOYEE', 'Request For Payment APPROVED by PRE_APPROVER', 'Request For Payment APPROVED by SUPERVISOR', 'Request For Payment FINAL_APPROVED by DIRECTOR', 'Request For Payment FINAL_APPROVED by SUPERVISOR', 'Request For Payment REJECTED by EMPLOYEE', 'Request For Payment REJECTED by PRE_APPROVER', 'Request For Payment REJECTED by SUPERVISOR', 'Request For Payment SAVED by EMPLOYEE', 'Request For Payment SUBMITTED by EMPLOYEE', 'Request Payment']",20,0,0,0.0,35,0.5737704918032787,0.0,2,1.9344262295081966,2.0,63,1.0327868852459017,1.0,31.5,31.5,262.2284735619682,0.5694218953293777,947.5306974447285,0.3121746148566633,503.726242870855,0.16595826001782488,602.735051444977,0.19857782238915012,1992.8682664814214,0.6565728004661229,1992.8682664814214,0.6565728004661229,1025.1911094609352,0.33776070855911383,1245.478138096587,0.4103367406683688,3904085.0,4990002.8852459015,3904085.0,0.0,0.0,,1.8792696616232993,490,61,20,7.459016393442623,25.75409836065574,0.915,0.38481733421818665,4,8.032786885245901,15,0.3114754098360656,0.7348296838039367,180,143
2017-09-01,63,"['Payment Handled', 'Permit APPROVED by PRE_APPROVER', 'Permit APPROVED by SUPERVISOR', 'Permit FINAL_APPROVED by DIRECTOR', 'Permit FINAL_APPROVED by SUPERVISOR', 'Permit REJECTED by EMPLOYEE', 'Permit REJECTED by MISSING', 'Permit REJECTED by PRE_APPROVER', 'Permit SUBMITTED by EMPLOYEE', 'Request For Payment APPROVED by PRE_APPROVER', 'Request For Payment APPROVED by SUPERVISOR', 'Request For Payment FINAL_APPROVED by DIRECTOR', 'Request For Payment FINAL_APPROVED by SUPERVISOR', 'Request For Payment REJECTED by EMPLOYEE', 'Request For Payment REJECTED by MISSING', 'Request For Payment REJECTED by PRE_APPROVER', 'Request For Payment REJECTED by SUPERVISOR', 'Request For Payment SAVED by EMPLOYEE', 'Request For Payment SUBMITTED by EMPLOYEE', 'Request Payment']",20,0,0,0.0,33,0.5238095238095238,0.0,2,1.9206349206349207,2.0,63,1.0,1.0,31.5,31.5,273.00465524343207,0.578709613208763,942.510542585843,0.3149966170269217,584.6284946386511,0.19538879376719986,655.5387429458208,0.2190877205378392,1980.4338009325097,0.6618811348549883,1980.4338009325097,0.6618811348549883,1207.139843376842,0.40343842297921134,1363.6769453578179,0.455754715832471,2254274.0,3932989.3333333335,2254274.0,0.0,0.0,,1.0851169319280194,484,63,20,7.158730158730159,32.111111111111114,0.915,0.3900726786568639,3,7.682539682539683,15,0.33333333333333326,0.7260890496606313,177,148
2017-10-01,39,"['Payment Handled', 'Permit APPROVED by PRE_APPROVER', 'Permit APPROVED by SUPERVISOR', 'Permit FINAL_APPROVED by DIRECTOR', 'Permit FINAL_APPROVED by SUPERVISOR', 'Permit REJECTED by EMPLOYEE', 'Permit REJECTED by MISSING', 'Permit REJECTED by PRE_APPROVER', 'Permit SUBMITTED by EMPLOYEE', 'Request For Payment APPROVED by ADMINISTRATION', 'Request For Payment APPROVED by PRE_APPROVER', 'Request For Payment FINAL_APPROVED by SUPERVISOR', 'Request For Payment REJECTED by EMPLOYEE', 'Request For Payment REJECTED by MISSING', 'Request For Payment REJECTED by PRE_APPROVER', 'Request For Payment REJECTED by SUPERVISOR', 'Request For Payment SUBMITTED by EMPLOYEE', 'Request Payment']",18,0,0,0.0,24,0.6153846153846154,0.0,2,1.9230769230769231,2.0,40,1.0256410256410255,1.0,20.0,20.0,204.27720604758994,0.5653152152026283,603.7850437426624,0.34081294151973945,264.6516903464335,0.1493854841220309,350.9208863201614,0.1980810567385667,1116.6235942296128,0.6302901598237263,1116.6235942296128,0.6302901598237263,459.30921610382325,0.25926201158799744,631.5586543250593,0.3564900537922401,2154659.0,3910489.0512820515,2154659.0,0.0,0.0,,1.0371662732352387,309,39,18,7.3076923076923075,21.358974358974358,0.9012345679012346,0.37004198292600293,3,7.923076923076923,15,0.41025641025641024,0.7344932634366985,124,115
2017-11-01,28,"['Payment Handled', 'Permit APPROVED by PRE_APPROVER', 'Permit APPROVED by SUPERVISOR', 'Permit FINAL_APPROVED by DIRECTOR', 'Permit FINAL_APPROVED by SUPERVISOR', 'Permit REJECTED by EMPLOYEE', 'Permit REJECTED by MISSING', 'Permit REJECTED by PRE_APPROVER', 'Permit SUBMITTED by EMPLOYEE', 'Request For Payment APPROVED by ADMINISTRATION', 'Request For Payment APPROVED by BUDGET OWNER', 'Request For Payment APPROVED by PRE_APPROVER', 'Request For Payment FINAL_APPROVED by SUPERVISOR', 'Request For Payment REJECTED by ADMINISTRATION', 'Request For Payment REJECTED by EMPLOYEE', 'Request For Payment REJECTED by MISSING', 'Request For Payment REJECTED by PRE_APPROVER', 'Request For Payment SUBMITTED by EMPLOYEE', 'Request Payment']",19,0,0,0.0,3,0.10714285714285714,0.0,2,1.9642857142857142,2.0,28,1.0,1.0,14.0,14.0,188.73771139942582,0.5734342764456464,393.15808947691585,0.3561624971329992,224.5435665855906,0.20341435043769965,262.4589240257189,0.2377619290504989,684.5465152755357,0.6201317048025354,684.5465152755357,0.6201317048025354,362.23513780989015,0.3281493492944182,436.73415619140667,0.3956381206841165,2522117.0,4009902.0,2957113.0,0.0,0.0,,1.2140457907971705,207,28,19,7.285714285714286,25.964285714285715,0.9168975069252078,0.42663505659537376,5,7.392857142857143,11,0.5,0.7135955308159943,89,110
2017-12-01,24,"['Payment Handled', 'Permit APPROVED by PRE_APPROVER', 'Permit APPROVED by SUPERVISOR', 'Permit FINAL_APPROVED by DIRECTOR', 'Permit FINAL_APPROVED by SUPERVISOR', 'Permit SUBMITTED by EMPLOYEE', 'Request For Payment APPROVED by ADMINISTRATION', 'Request For Payment APPROVED by BUDGET OWNER', 'Request For Payment APPROVED by PRE_APPROVER', 'Request For Payment FINAL_APPROVED by SUPERVISOR', 'Request For Payment REJECTED by ADMINISTRATION', 'Request For Payment REJECTED by EMPLOYEE', 'Request For Payment SUBMITTED by EMPLOYEE', 'Request Payment']",14,0,0,0.0,2,0.08333333333333333,0.0,2,2.0,2.0,24,1.0,1.0,12.0,12.0,133.9931974815521,0.5569712540958904,351.0386686827127,0.36348218029283147,179.17740856632074,0.18552883467026723,222.46213293780946,0.23034790274320224,584.5664302865398,0.6052879627303941,584.5664302865398,0.6052879627303941,261.7935462129308,0.271073523954355,345.54154526615014,0.35779019652281285,3910553.0,3905588.7916666665,3913332.0,0.0,0.0,,1.88238309695357,185,24,14,7.625,27.166666666666668,0.8979591836734694,0.46143872230828753,6,7.708333333333333,11,0.41666666666666674,0.7088850951720775,79,86
2018-01-01,281,"['Payment Handled', 'Permit APPROVED by ADMINISTRATION', 'Permit APPROVED by BUDGET OWNER', 'Permit APPROVED by PRE_APPROVER', 'Permit APPROVED by SUPERVISOR', 'Permit FINAL_APPROVED by DIRECTOR', 'Permit FINAL_APPROVED by SUPERVISOR', 'Permit REJECTED by ADMINISTRATION', 'Permit REJECTED by EMPLOYEE', 'Permit SUBMITTED by EMPLOYEE', 'Request For Payment APPROVED by ADMINISTRATION', 'Request For Payment APPROVED by BUDGET OWNER', 'Request For Payment APPROVED by SUPERVISOR', 'Request For Payment FINAL_APPROVED by DIRECTOR', 'Request For Payment FINAL_APPROVED by SUPERVISOR', 'Request For Payment REJECTED by ADMINISTRATION', 'Request For Payment REJECTED by EMPLOYEE', 'Request For Payment REJECTED by SUPERVISOR', 'Request For Payment SUBMITTED by EMPLOYEE', 'Request Payment']",20,0,0,0.0,19,0.06761565836298933,0.0,2,1.9822064056939501,2.0,284,1.01067615658363,1.0,142.0,142.0,927.7753170404566,0.6596420863124872,6484.355708964211,0.33620757632487475,1658.57357045865,0.08599543660282476,3118.6216092955856,0.1616975162676777,13869.423736171846,0.719116215804558,13869.423736171846,0.719116215804558,3552.655979781704,0.18420177887947392,6666.472018045537,0.3456501309337805,2096979.0,4177520.715302491,2096979.0,0.0,0.0,,1.0094014386882366,2469,281,20,8.718861209964412,56.06049822064057,0.8475,0.4775816565588466,5,8.786476868327401,14,0.15658362989323843,0.7237742086380512,656,411
2018-02-01,390,"['Payment Handled', 'Permit APPROVED by ADMINISTRATION', 'Permit APPROVED by BUDGET OWNER', 'Permit APPROVED by PRE_APPROVER', 'Permit APPROVED by SUPERVISOR', 'Permit FINAL_APPROVED by DIRECTOR', 'Permit FINAL_APPROVED by SUPERVISOR', 'Permit REJECTED by ADMINISTRATION', 'Permit REJECTED by EMPLOYEE', 'Permit REJECTED by SUPERVISOR', 'Permit SUBMITTED by EMPLOYEE', 'Request For Payment APPROVED by ADMINISTRATION', 'Request For Payment APPROVED by BUDGET OWNER', 'Request For Payment APPROVED by SUPERVISOR', 'Request For Payment FINAL_APPROVED by DIRECTOR', 'Request For Payment FINAL_APPROVED by SUPERVISOR', 'Request For Payment REJECTED by ADMINISTRATION', 'Request For Payment REJECTED by BUDGET OWNER', 'Request For Payment REJECTED by EMPLOYEE', 'Request For Payment REJECTED by SUPERVISOR', 'Request For Payment SUBMITTED by EMPLOYEE', 'Request Payment']",22,0,0,0.0,44,0.11282051282051282,0.0,2,1.9743589743589745,2.0,388,0.9948717948717949,1.0,194.0,194.0,1161.8079523418696,0.6608156687656025,9159.371007658421,0.31793158294871915,2712.22230196701,0.09414414254561748,4573.448243883713,0.1587492894977417,20979.790361389485,0.7282310055954432,20979.790361389485,0.7282310055954432,6154.833200923374,0.2136408559844064,10444.770534344887,0.3625491779668991,2465665.0,4306084.58974359,2487259.0,0.0,0.0,,1.1868720661118835,3527,390,22,8.930769230769231,48.51282051282051,0.8533057851239669,0.49728376534770463,3,9.043589743589743,21,0.13846153846153847,0.7240488963766846,888,496
2018-03-01,457,"['Payment Handled', 'Permit APPROVED by ADMINISTRATION', 'Permit APPROVED by BUDGET OWNER', 'Permit APPROVED by PRE_APPROVER', 'Permit APPROVED by SUPERVISOR', 'Permit FINAL_APPROVED by DIRECTOR', 'Permit FINAL_APPROVED by SUPERVISOR', 'Permit REJECTED by ADMINISTRATION', 'Permit REJECTED by BUDGET OWNER', 'Permit REJECTED by EMPLOYEE', 'Permit REJECTED by SUPERVISOR', 'Permit SUBMITTED by EMPLOYEE', 'Request For Payment APPROVED by ADMINISTRATION', 'Request For Payment APPROVED by BUDGET OWNER', 'Request For Payment APPROVED by SUPERVISOR', 'Request For Payment FINAL_APPROVED by DIRECTOR', 'Request For Payment FINAL_APPROVED by SUPERVISOR', 'Request For Payment REJECTED by ADMINISTRATION', 'Request For Payment REJECTED by BUDGET OWNER', 'Request For Payment REJECTED by EMPLOYEE', 'Request For Payment REJECTED by SUPERVISOR', 'Request For Payment SAVED by EMPLOYEE', 'Request For Payment SUBMITTED by EMPLOYEE', 'Request Payment']",24,0,0,0.0,87,0.19037199124726478,0.0,2,1.9671772428884027,2.0,448,0.9803063457330415,1.0,224.0,224.0,1387.994900494415,0.6680339412793114,10290.268088668097,0.29281370920029115,3777.355863869943,0.10748617741915305,5509.705650552468,0.15678088600205636,25697.39409845737,0.7312296645640552,25697.39409845737,0.7312296645640552,9241.207927880861,0.2629622812095435,13655.095720234784,0.3885612301714575,3315416.0,4905960.336980307,3315416.0,0.0,0.0,,1.595908056423073,4211,457,24,9.024070021881839,93.33698030634574,0.8784722222222222,0.49410805637903094,3,9.214442013129103,21,0.12910284463894967,0.7274233958074288,1055,611
2018-04-01,452,"['Payment Handled', 'Permit APPROVED by ADMINISTRATION', 'Permit APPROVED by BUDGET OWNER', 'Permit APPROVED by SUPERVISOR', 'Permit FINAL_APPROVED by DIRECTOR', 'Permit FINAL_APPROVED by SUPERVISOR', 'Permit REJECTED by ADMINISTRATION', 'Permit REJECTED by BUDGET OWNER', 'Permit REJECTED by EMPLOYEE', 'Permit REJECTED by SUPERVISOR', 'Permit SUBMITTED by EMPLOYEE', 'Request For Payment APPROVED by ADMINISTRATION', 'Request For Payment APPROVED by BUDGET OWNER', 'Request For Payment APPROVED by SUPERVISOR', 'Request For Payment FINAL_APPROVED by DIRECTOR', 'Request For Payment FINAL_APPROVED by SUPERVISOR', 'Request For Payment REJECTED by ADMINISTRATION', 'Request For Payment REJECTED by BUDGET OWNER', 'Request For Payment REJECTED by EMPLOYEE', 'Request For Payment REJECTED by SUPERVISOR', 'Request For Payment SAVED by EMPLOYEE', 'Request For Payment SUBMITTED by EMPLOYEE', 'Request Payment']",23,0,0,0.0,120,0.26548672566371684,0.0,2,1.9380530973451326,2.0,428,0.9469026548672567,1.0,214.0,214.0,1379.0230694492132,0.6615282877294819,9692.216756079984,0.27535653377738545,2722.980180264769,0.07736005114741983,4764.224411077097,0.13535193784733068,25666.592476849317,0.7291896287676898,25666.592476849317,0.7291896287676898,6741.896351663867,0.19153773148088304,12383.795674229119,0.3518244729436146,3876916.5,5465195.800884956,3878855.0,0.0,0.0,,1.8661918372926782,4217,452,23,9.064159292035399,96.45777777777778,0.8544423440453686,0.4903015824691695,1,9.329646017699115,21,0.13716814159292035,0.7300790708811727,1057,614
2018-05-01,441,"['Payment Handled', 'Permit APPROVED by ADMINISTRATION', 'Permit APPROVED by BUDGET OWNER', 'Permit APPROVED by SUPERVISOR', 'Permit FINAL_APPROVED by DIRECTOR', 'Permit FINAL_APPROVED by SUPERVISOR', 'Permit REJECTED by ADMINISTRATION', 'Permit REJECTED by BUDGET OWNER', 'Permit REJECTED by EMPLOYEE', 'Permit REJECTED by SUPERVISOR', 'Permit SUBMITTED by EMPLOYEE', 'Request For Payment APPROVED by ADMINISTRATION', 'Request For Payment APPROVED by BUDGET OWNER', 'Request For Payment APPROVED by SUPERVISOR', 'Request For Payment FINAL_APPROVED by DIRECTOR', 'Request For Payment FINAL_APPROVED by SUPERVISOR', 'Request For Payment REJECTED by ADMINISTRATION', 'Request For Payment REJECTED by BUDGET OWNER', 'Request For Payment REJECTED by EMPLOYEE', 'Request For Payment REJECTED by SUPERVISOR', 'Request For Payment SAVED by EMPLOYEE', 'Request For Payment SUBMITTED by EMPLOYEE', 'Request Payment']",23,0,0,0.0,108,0.24489795918367346,0.0,2,1.945578231292517,2.0,419,0.9501133786848073,1.0,209.5,209.5,1234.6374727626783,0.6639957814007388,8406.560895136608,0.24634263305565945,2820.513759031733,0.08265125235357045,4364.26146889649,0.12788864257359914,24878.945343370513,0.7290430629104645,24878.945343370513,0.7290430629104645,7958.70226287598,0.23321875563610536,12703.86852674623,0.372269286086071,4251840.0,5695056.863945578,4251840.0,0.0,0.0,,2.0466649466075686,4102,441,23,9.056689342403628,96.36363636363636,0.8657844990548205,0.5099282806190526,1,9.301587301587302,21,0.13378684807256236,0.7265952210630326,1030,575
2018-06-01,379,"['Payment Handled', 'Permit APPROVED by ADMINISTRATION', 'Permit APPROVED by BUDGET OWNER', 'Permit APPROVED by SUPERVISOR', 'Permit FINAL_APPROVED by DIRECTOR', 'Permit FINAL_APPROVED by SUPERVISOR', 'Permit REJECTED by ADMINISTRATION', 'Permit REJECTED by BUDGET OWNER', 'Permit REJECTED by EMPLOYEE', 'Permit REJECTED by SUPERVISOR', 'Permit SUBMITTED by EMPLOYEE', 'Request For Payment APPROVED by ADMINISTRATION', 'Request For Payment APPROVED by BUDGET OWNER', 'Request For Payment APPROVED by SUPERVISOR', 'Request For Payment FINAL_APPROVED by DIRECTOR', 'Request For Payment FINAL_APPROVED by SUPERVISOR', 'Request For Payment REJECTED by ADMINISTRATION', 'Request For Payment REJECTED by BUDGET OWNER', 'Request For Payment REJECTED by EMPLOYEE', 'Request For Payment REJECTED by SUPERVISOR', 'Request For Payment SAVED by EMPLOYEE', 'Request For Payment SUBMITTED by EMPLOYEE', 'Request Payment']",23,0,0,0.0,107,0.28232189973614774,0.0,2,1.9366754617414248,2.0,355,0.9366754617414248,1.0,177.5,177.5,1193.2926937455402,0.6585281076205096,8644.019524803185,0.30128939298101365,3515.3485671402163,0.12252832526248457,4814.985239971633,0.16782747609499699,20774.703293574312,0.7241073121967739,20774.703293574312,0.7241073121967739,8081.23717321763,0.2816734778846743,11367.82349636442,0.396228239756657,4594170.0,6019236.836411609,4594170.0,0.0,0.0,,2.211448854556167,3514,379,23,8.989445910290238,68.94722955145119,0.8790170132325141,0.48819425716532794,3,9.271767810026386,21,0.1503957783641161,0.7298571156765055,906,554
2018-07-01,384,"['Payment Handled', 'Permit APPROVED by ADMINISTRATION', 'Permit APPROVED by BUDGET OWNER', 'Permit APPROVED by SUPERVISOR', 'Permit FINAL_APPROVED by DIRECTOR', 'Permit FINAL_APPROVED by SUPERVISOR', 'Permit REJECTED by ADMINISTRATION', 'Permit REJECTED by BUDGET OWNER', 'Permit REJECTED by EMPLOYEE', 'Permit REJECTED by SUPERVISOR', 'Permit SUBMITTED by EMPLOYEE', 'Request For Payment APPROVED by ADMINISTRATION', 'Request For Payment APPROVED by BUDGET OWNER', 'Request For Payment APPROVED by SUPERVISOR', 'Request For Payment FINAL_APPROVED by DIRECTOR', 'Request For Payment FINAL_APPROVED by SUPERVISOR', 'Request For Payment REJECTED by ADMINISTRATION', 'Request For Payment REJECTED by BUDGET OWNER', 'Request For Payment REJECTED by EMPLOYEE', 'Request For Payment REJECTED by SUPERVISOR', 'Request For Payment SAVED by EMPLOYEE', 'Request For Payment SUBMITTED by EMPLOYEE', 'Request Payment']",23,0,0,0.0,119,0.3098958333333333,0.0,2,1.9348958333333333,2.0,366,0.953125,1.0,183.0,183.0,1382.591295412353,0.6588939844930588,9119.38443300315,0.3107045097631328,4307.139684005424,0.1467475939666615,5420.6716625814115,0.18468649324772707,21241.010154893276,0.7236977117847491,21241.010154893276,0.7236977117847491,9675.115750035855,0.32963870731639955,12421.99803618231,0.4232271200392425,4407743.0,5932613.6953125,4409957.0,0.0,0.0,,2.1217103869747884,3586,384,23,9.028645833333334,312.7389033942559,0.8582230623818525,0.47910590578336476,1,9.338541666666666,21,0.16145833333333337,0.7317713426022145,932,608
2018-08-01,332,"['Payment Handled', 'Permit APPROVED by ADMINISTRATION', 'Permit APPROVED by BUDGET OWNER', 'Permit APPROVED by SUPERVISOR', 'Permit FINAL_APPROVED by DIRECTOR', 'Permit FINAL_APPROVED by SUPERVISOR', 'Permit REJECTED by ADMINISTRATION', 'Permit REJECTED by BUDGET OWNER', 'Permit REJECTED by EMPLOYEE', 'Permit REJECTED by SUPERVISOR', 'Permit SUBMITTED by EMPLOYEE', 'Request For Payment APPROVED by ADMINISTRATION', 'Request For Payment APPROVED by BUDGET OWNER', 'Request For Payment APPROVED by SUPERVISOR', 'Request For Payment FINAL_APPROVED by DIRECTOR', 'Request For Payment FINAL_APPROVED by SUPERVISOR', 'Request For Payment REJECTED by ADMINISTRATION', 'Request For Payment REJECTED by EMPLOYEE', 'Request For Payment REJECTED by SUPERVISOR', 'Request For Payment SAVED by EMPLOYEE', 'Request For Payment SUBMITTED by EMPLOYEE', 'Request Payment']",22,0,0,0.0,94,0.28313253012048195,0.0,2,1.9457831325301205,2.0,318,0.9578313253012049,1.0,159.0,159.0,1190.9237448143265,0.654780198285635,6984.390745715562,0.27437911890821726,3760.3890678865178,0.14772544617892627,4429.82277496262,0.17402389330227439,18260.273821541374,0.7173478725042324,18260.273821541374,0.7173478725042324,9508.595928588147,0.37354155400608036,11394.264093664648,0.4476193066009429,4211616.5,5846228.7289156625,4238337.0,0.0,0.0,,2.0273029697975593,3159,332,22,9.231927710843374,515.039156626506,0.871900826446281,0.485202256176904,3,9.515060240963855,17,0.15963855421686746,0.7335704437421877,840,537
2018-09-01,283,"['Payment Handled', 'Permit APPROVED by ADMINISTRATION', 'Permit APPROVED by BUDGET OWNER', 'Permit APPROVED by SUPERVISOR', 'Permit FINAL_APPROVED by DIRECTOR', 'Permit FINAL_APPROVED by SUPERVISOR', 'Permit REJECTED by ADMINISTRATION', 'Permit REJECTED by BUDGET OWNER', 'Permit REJECTED by EMPLOYEE', 'Permit REJECTED by SUPERVISOR', 'Permit SUBMITTED by EMPLOYEE', 'Request For Payment APPROVED by ADMINISTRATION', 'Request For Payment APPROVED by BUDGET OWNER', 'Request For Payment APPROVED by SUPERVISOR', 'Request For Payment FINAL_APPROVED by DIRECTOR', 'Request For Payment FINAL_APPROVED by SUPERVISOR', 'Request For Payment REJECTED by ADMINISTRATION', 'Request For Payment REJECTED by EMPLOYEE', 'Request For Payment REJECTED by SUPERVISOR', 'Request For Payment SAVED by EMPLOYEE', 'Request For Payment SUBMITTED by EMPLOYEE', 'Request Payment']",22,0,0,0.0,67,0.23674911660777384,0.0,2,1.9505300353356891,2.0,276,0.9752650176678446,1.0,138.0,138.0,1067.873539748166,0.6547625130429438,6584.919875122666,0.31686338510838535,3819.7990384699324,0.18380701310215888,4351.392954597423,0.20938707344633156,14820.366910018063,0.7131493953932349,14820.366910018063,0.7131493953932349,8372.742366988945,0.40289259996426163,9666.13295210886,0.4651299736666678,3551761.0,5183399.96819788,3551761.0,0.0,0.0,,1.7096750436111998,2638,283,22,9.084805653710248,338.7730496453901,0.8615702479338843,0.4670047172142393,1,9.321554770318022,17,0.18021201413427562,0.7340414453057356,709,474
2018-10-01,236,"['Payment Handled', 'Permit APPROVED by ADMINISTRATION', 'Permit APPROVED by BUDGET OWNER', 'Permit APPROVED by SUPERVISOR', 'Permit FINAL_APPROVED by DIRECTOR', 'Permit FINAL_APPROVED by SUPERVISOR', 'Permit REJECTED by ADMINISTRATION', 'Permit REJECTED by BUDGET OWNER', 'Permit REJECTED by EMPLOYEE', 'Permit REJECTED by SUPERVISOR', 'Permit SUBMITTED by EMPLOYEE', 'Request For Payment APPROVED by ADMINISTRATION', 'Request For Payment APPROVED by BUDGET OWNER', 'Request For Payment APPROVED by SUPERVISOR', 'Request For Payment FINAL_APPROVED by DIRECTOR', 'Request For Payment FINAL_APPROVED by SUPERVISOR', 'Request For Payment REJECTED by ADMINISTRATION', 'Request For Payment REJECTED by BUDGET OWNER', 'Request For Payment REJECTED by EMPLOYEE', 'Request For Payment REJECTED by SUPERVISOR', 'Request For Payment SAVED by EMPLOYEE', 'Request For Payment SUBMITTED by EMPLOYEE', 'Request Payment']",23,0,0,0.0,62,0.2627118644067797,0.0,2,1.9364406779661016,2.0,229,0.9703389830508474,1.0,114.5,114.5,1187.8056341918416,0.6434961940495677,5613.78765834419,0.3374428767583352,3631.9123063135544,0.2183130199010645,3968.4091843826695,0.23853973339049717,11764.03384810642,0.7071320943333176,11764.03384810642,0.7071320943333176,7434.8496796858735,0.4469062987179283,8212.850974385192,0.4936716933111541,2856163.0,4906434.622881356,2942039.0,0.0,0.0,,1.3748421139783042,2166,236,23,8.915254237288135,496.04661016949154,0.8374291115311909,0.4311413874939571,3,9.177966101694915,18,0.21610169491525424,0.7397031242762193,605,493
2018-11-01,194,"['Payment Handled', 'Permit APPROVED by ADMINISTRATION', 'Permit APPROVED by BUDGET OWNER', 'Permit APPROVED by SUPERVISOR', 'Permit FINAL_APPROVED by DIRECTOR', 'Permit FINAL_APPROVED by SUPERVISOR', 'Permit REJECTED by ADMINISTRATION', 'Permit REJECTED by BUDGET OWNER', 'Permit REJECTED by EMPLOYEE', 'Permit REJECTED by SUPERVISOR', 'Permit SUBMITTED by EMPLOYEE', 'Request For Payment APPROVED by ADMINISTRATION', 'Request For Payment APPROVED by BUDGET OWNER', 'Request For Payment APPROVED by SUPERVISOR', 'Request For Payment FINAL_APPROVED by DIRECTOR', 'Request For Payment FINAL_APPROVED by SUPERVISOR', 'Request For Payment REJECTED by ADMINISTRATION', 'Request For Payment REJECTED by BUDGET OWNER', 'Request For Payment REJECTED by EMPLOYEE', 'Request For Payment REJECTED by SUPERVISOR', 'Request For Payment SAVED by EMPLOYEE', 'Request For Payment SUBMITTED by EMPLOYEE', 'Request Payment']",23,0,0,0.0,43,0.22164948453608246,0.0,2,1.902061855670103,2.0,177,0.9123711340206185,1.0,88.5,88.5,795.7089084452122,0.6264970834436153,4155.501519455649,0.3392438952736654,3011.7018816550626,0.24586718906302532,3172.9543696622122,0.25903140567996,8630.274762029188,0.7045522697670223,8630.274762029188,0.7045522697670223,6150.174637849861,0.50208360915984,6529.159117687957,0.5330228761981496,1999775.5,4041951.68556701,2078703.0,0.0,0.0,,0.9626115792067961,1653,194,23,8.29896907216495,1086.7371134020618,0.8733459357277883,0.41363733986746953,3,8.52061855670103,18,0.19587628865979384,0.7328192872341401,493,363
2018-12-01,110,"['Payment Handled', 'Permit APPROVED by ADMINISTRATION', 'Permit APPROVED by BUDGET OWNER', 'Permit APPROVED by SUPERVISOR', 'Permit FINAL_APPROVED by DIRECTOR', 'Permit FINAL_APPROVED by SUPERVISOR', 'Permit REJECTED by ADMINISTRATION', 'Permit REJECTED by BUDGET OWNER', 'Permit REJECTED by EMPLOYEE', 'Permit SUBMITTED by EMPLOYEE', 'Request For Payment APPROVED by ADMINISTRATION', 'Request For Payment APPROVED by BUDGET OWNER', 'Request For Payment FINAL_APPROVED by SUPERVISOR', 'Request For Payment REJECTED by ADMINISTRATION', 'Request For Payment REJECTED by EMPLOYEE', 'Request For Payment REJECTED by SUPERVISOR', 'Request For Payment SAVED by EMPLOYEE', 'Request For Payment SUBMITTED by EMPLOYEE', 'Request Payment']",19,0,0,0.0,13,0.11818181818181818,0.0,2,1.9545454545454546,2.0,111,1.009090909090909,1.0,55.5,55.5,427.8553989833619,0.6237942356726256,2112.6163483053106,0.3578201917666767,1661.571358556186,0.281425343806281,1715.7402750692765,0.29060009629272066,4062.815244424743,0.6881312506356432,4062.815244424743,0.6881312506356432,3136.798057599224,0.5312889315676569,3261.9053761110517,0.5524787347883064,1579473.0,3696777.4909090907,1583811.0,0.0,0.0,,0.7602948425183206,872,110,19,7.8090909090909095,29.236363636363638,0.8725761772853186,0.43964740120712426,3,7.927272727272728,13,0.23636363636363636,0.7170414747473197,277,217
2019-01-01,31,"['Payment Handled', 'Permit APPROVED by ADMINISTRATION', 'Permit APPROVED by BUDGET OWNER', 'Permit APPROVED by SUPERVISOR', 'Permit FINAL_APPROVED by DIRECTOR', 'Permit FINAL_APPROVED by SUPERVISOR', 'Permit SUBMITTED by EMPLOYEE', 'Request For Payment APPROVED by ADMINISTRATION', 'Request For Payment APPROVED by BUDGET OWNER', 'Request For Payment FINAL_APPROVED by SUPERVISOR', 'Request For Payment REJECTED by ADMINISTRATION', 'Request For Payment SUBMITTED by EMPLOYEE', 'Request Payment']",13,0,0,0.0,2,0.06451612903225806,0.0,2,1.967741935483871,2.0,34,1.096774193548387,1.0,17.0,17.0,152.95957002423427,0.5637292378667639,500.29333027216126,0.391911977262878,388.0417823711561,0.3039781124144912,402.18692997851645,0.3150589172784299,793.2851087437538,0.6214313017761645,793.2851087437538,0.6214313017761645,609.3829722438201,0.47736891761575895,633.3220578454407,0.49612194469867565,2922839.0,3770710.709677419,2922839.0,0.0,0.0,,1.4069372614862081,234,31,13,7.483870967741935,28.967741935483872,0.8284023668639053,0.4257260974670842,4,7.548387096774194,11,0.3870967741935484,0.716709800782243,95,98
2019-02-01,2,"['Payment Handled', 'Request For Payment APPROVED by ADMINISTRATION', 'Request For Payment FINAL_APPROVED by SUPERVISOR', 'Request For Payment REJECTED by ADMINISTRATION', 'Request For Payment SUBMITTED by EMPLOYEE']",5,0,0,0.0,2,1.0,1.0,2,1.5,1.5,1,0.5,0.5,0.5,0.5,4.7803567329033,0.3509453429964404,5.292505905263855,0.31814466764165494,2.920813496591938,0.17557679778728094,3.780710639916722,0.22726718713516644,5.5451774444795605,0.33333333333333326,5.5451774444795605,0.33333333333333326,2.3363459579425565,0.1404431136385292,3.645312258944638,0.21912807993629893,15171445.5,15171445.5,26164183.0,0.0,0.0,,7.302924309056111,8,2,5,3.0,17.5,0.8,0.0,4,4.0,4,1.0,0.5731250508378101,6,8
